Workbook

Sheet Read Me
A1: Open Federal Construction & Steel Bids
A2: 128 open bids, pulled 2026-10-03 by Set-Aside Radar from SAM.gov
A4: The tabs
A5: All Open Bids: every open bid, soonest deadline first, with days left and a link to the notice.
A6: Steel & Metals: the same, only structural steel, concrete, masonry, roofing and metal fabrication.
A7: By Trade: how many open bids each trade has, split into set-asides and open-to-anyone.
A9: "Who can bid" tells you who is eligible. Green = any business can bid, no certification needed.
A10: The rest are set aside: small businesses, veteran-owned, 8(a), women-owned and so on.
A12: PBM Consulting Service · pbmconsultingservice.com · 6814 Chris Madsen Rd, Guthrie, OK 73044
A14: Source: SAM.gov contract opportunities (public U.S. government data), as stored by Set-Aside Radar.
A15: Radar keeps every set-aside notice; open-to-anyone notices appear only when SAM.gov marks them "No set aside used",
A16: so the open-to-anyone list is a partial count. Check each notice on SAM.gov before bidding: terms can change.

Sheet All Open Bids
A1: Due | B1: Days left | C1: Job | D1: Trade | E1: Trade group | F1: Where | G1: Who can bid | H1: Notice type | I1: Agency | J1: NAICS | K1: Notice
A2: 46300 | B2: =IF(A2="","",A2-TODAY()) | C2: Atlantic Intracoastal Waterway Maintenance Dredging | D2: Other heavy & civil | E2: Other heavy & civil | F2: NC | G2: Small business | H2: Solicitation | I2: DEPT OF DEFENSE | J2: 237990 | K2: =HYPERLINK("https://sam.gov/opp/08164338450e4a1381c731f91cf0b4fa/view","Open on SAM.gov")
A3: 46300 | B3: =IF(A3="","",A3-TODAY()) | C3: Lower Monumental PH HVAC System Upgrade | D3: Plumbing, heating & A/C | E3: Building equipment (electrical, plumbing, HVAC) | F3: Kahlotus, WA | G3: Any business (no set-aside) | H3: Solicitation | I3: DEPT OF DEFENSE | J3: 238220 | K3: =HYPERLINK("https://sam.gov/opp/e217a7fed88c47d1abee64d52bd8ad5b/view","Open on SAM.gov")
A4: 46300 | B4: =IF(A4="","",A4-TODAY()) | C4: National Enterprise Dredging Center Scope Dredge to Budget Shallow Draft | D4: Other heavy & civil | E4: Other heavy & civil | F4: TX | G4: Small business | H4: Sources sought | I4: DEPT OF DEFENSE | J4: 237990 | K4: =HYPERLINK("https://sam.gov/opp/58420728dbc4429fa83d66599758c0e4/view","Open on SAM.gov")
A5: 46300 | B5: =IF(A5="","",A5-TODAY()) | C5: REPAIR AC PAVING | D5: All other specialty trades | E5: Other specialty trades | F5: CA | G5: Small business | H5: Combined synopsis/solicitation | I5: DEPT OF DEFENSE | J5: 238990 | K5: =HYPERLINK("https://sam.gov/opp/b45d33680638429590bf29cadd47e788/view","Open on SAM.gov")
A6: 46300 | B6: =IF(A6="","",A6-TODAY()) | C6: Y1DA--Drop Ceiling Demo, Disinfect and Replace at the Brooklyn VA Medical Cente | D6: Commercial & institutional building | E6: Commercial & institutional building | F6: Brooklyn, NY | G6: Service-disabled veteran-owned small business | H6: Combined synopsis/solicitation | I6: VETERANS AFFAIRS, DEPARTMENT OF | J6: 236220 | K6: =HYPERLINK("https://sam.gov/opp/de6f165e39cf4002a1405eef143fd63c/view","Open on SAM.gov")
A7: 46301 | B7: =IF(A7="","",A7-TODAY()) | C7: GAOA Cordova Outhouse Replacement Chugach NF | D7: Other heavy & civil | E7: Other heavy & civil | F7: Cordova, AK | G7: Small business | H7: Solicitation | I7: AGRICULTURE, DEPARTMENT OF | J7: 237990 | K7: =HYPERLINK("https://sam.gov/opp/57ceab2afa6d451a95632e844d5645fa/view","Open on SAM.gov")
A8: 46301 | B8: =IF(A8="","",A8-TODAY()) | C8: MINOS High Bay Roof Replacement & Masonry Wall Repair | D8: Commercial & institutional building | E8: Commercial & institutional building | F8: Batavia, IL | G8: Small business | H8: Solicitation | I8: ENERGY, DEPARTMENT OF | J8: 236220 | K8: =HYPERLINK("https://sam.gov/opp/a89a0559d74b414a88db239e0641c114/view","Open on SAM.gov")
A9: 46301 | B9: =IF(A9="","",A9-TODAY()) | C9: NAICS 237990 PSC Y1PZ--CONS: 909CM3030 Fort Custer NC - Cemetery Expansion and S | D9: Other heavy & civil | E9: Other heavy & civil | F9: MI | G9: Service-disabled veteran-owned small business | H9: Solicitation | I9: VETERANS AFFAIRS, DEPARTMENT OF | J9: 237990 | K9: =HYPERLINK("https://sam.gov/opp/38d97f11609848a08904a81fc82a1251/view","Open on SAM.gov")
A10: 46302 | B10: =IF(A10="","",A10-TODAY()) | C10: FY27 McConnell AFB - Multiple Award Construction Contract (MACC) | D10: Commercial & institutional building | E10: Commercial & institutional building | F10: KS | G10: Small business | H10: Solicitation | I10: DEPT OF DEFENSE | J10: 236220 | K10: =HYPERLINK("https://sam.gov/opp/9e583346d2d944e192fb119cc0184162/view","Open on SAM.gov")
A11: 46302 | B11: =IF(A11="","",A11-TODAY()) | C11: GAOA Trujillo Meadows Old Toilet Building Replacement RGNF | D11: Prefab metal buildings & components | E11: Architectural & structural metals | F11: Del Norte, CO | G11: Small business | H11: Combined synopsis/solicitation | I11: AGRICULTURE, DEPARTMENT OF | J11: 332311 | K11: =HYPERLINK("https://sam.gov/opp/22fbb1bdc374408582e4693b27edc98e/view","Open on SAM.gov")
A12: 46302 | B12: =IF(A12="","",A12-TODAY()) | C12: Testing & Inspecting, Preventative Maintenance (PM), Corrective Repairs, and Ser | D12: Plumbing, heating & A/C | E12: Building equipment (electrical, plumbing, HVAC) | F12: Dallas, TX | G12: Service-disabled veteran-owned small business | H12: Solicitation | I12: VETERANS AFFAIRS, DEPARTMENT OF | J12: 238220 | K12: =HYPERLINK("https://sam.gov/opp/f346fbdede3749e49f55e9272b7951be/view","Open on SAM.gov")
A13: 46302 | B13: =IF(A13="","",A13-TODAY()) | C13: Vehicle Maintenance Shop, Kadena Air Base | D13: Commercial & institutional building | E13: Commercial & institutional building | F13: Kadena Air Base, JP-47 | G13: Any business (no set-aside) | H13: Sources sought | I13: DEPT OF DEFENSE | J13: 236220 | K13: =HYPERLINK("https://sam.gov/opp/1b0fb8f37b094038bd076033fef4c019/view","Open on SAM.gov")
A14: 46302 | B14: =IF(A14="","",A14-TODAY()) | C14: Y--Rehabilitation of Water and Wastewater System | D14: Water & sewer lines | E14: Utility systems | F14: See notice | G14: Small business | H14: Solicitation | I14: INTERIOR, DEPARTMENT OF THE | J14: 237110 | K14: =HYPERLINK("https://sam.gov/opp/6fe9ebf7308c4c45abc2407f48e0028f/view","Open on SAM.gov")
A15: 46303 | B15: =IF(A15="","",A15-TODAY()) | C15: CO NP BLCA 10(1) South Rim Drive | D15: Highway, street & bridge | E15: Highway, street & bridge | F15: Montrose, CO | G15: Small business | H15: Combined synopsis/solicitation | I15: TRANSPORTATION, DEPARTMENT OF | J15: 237310 | K15: =HYPERLINK("https://sam.gov/opp/8017030241ca445f932342aaaafee2ad/view","Open on SAM.gov")
A16: 46303 | B16: =IF(A16="","",A16-TODAY()) | C16: CO NP BLCA 10(1) South Rim Drive | D16: Highway, street & bridge | E16: Highway, street & bridge | F16: Montrose, CO | G16: Small business | H16: Combined synopsis/solicitation | I16: TRANSPORTATION, DEPARTMENT OF | J16: 237310 | K16: =HYPERLINK("https://sam.gov/opp/c64ad7b388eb45508fbf6c83c5e17976/view","Open on SAM.gov")
A17: 46303 | B17: =IF(A17="","",A17-TODAY()) | C17: KB Duct List | D17: Sheet metal work | E17: Architectural & structural metals | F17: OK | G17: Small business | H17: Combined synopsis/solicitation | I17: DEPT OF DEFENSE | J17: 332322 | K17: =HYPERLINK("https://sam.gov/opp/58ac093c4794430b88d68d95431e4fdb/view","Open on SAM.gov")
A18: 46303 | B18: =IF(A18="","",A18-TODAY()) | C18: Quick Acting Watertight Scuttle | D18: Metal windows & doors | E18: Architectural & structural metals | F18: See notice | G18: Small business | H18: Combined synopsis/solicitation | I18: DEPT OF DEFENSE | J18: 332321 | K18: =HYPERLINK("https://sam.gov/opp/8323bbe78aa74155bbc165ffb2713d07/view","Open on SAM.gov")
A19: 46303 | B19: =IF(A19="","",A19-TODAY()) | C19: VA STLHCS-JC Northeast Parking Structure Solicitation | D19: Commercial & institutional building | E19: Commercial & institutional building | F19: MO | G19: Service-disabled veteran-owned small business | H19: Solicitation | I19: DEPT OF DEFENSE | J19: 236220 | K19: =HYPERLINK("https://sam.gov/opp/59a9564b2c5d49e7a3e5f0c6eea9ea45/view","Open on SAM.gov")
A20: 46303 | B20: =IF(A20="","",A20-TODAY()) | C20: Y--BRCA 318695 - CONSTRUCTION | D20: Water & sewer lines | E20: Utility systems | F20: See notice | G20: Small business | H20: Solicitation | I20: INTERIOR, DEPARTMENT OF THE | J20: 237110 | K20: =HYPERLINK("https://sam.gov/opp/97a14fd9e1174ce88697722e189b65ba/view","Open on SAM.gov")
A21: 46303 | B21: =IF(A21="","",A21-TODAY()) | C21: Z--Folsom Warehouse Bridge Crane Replacement | D21: Other heavy & civil | E21: Other heavy & civil | F21: See notice | G21: Service-disabled veteran-owned small business | H21: Solicitation | I21: INTERIOR, DEPARTMENT OF THE | J21: 237990 | K21: =HYPERLINK("https://sam.gov/opp/35f146c439fa4c40b787573b1055d857/view","Open on SAM.gov")
A22: 46304 | B22: =IF(A22="","",A22-TODAY()) | C22: 53--DOOR,ACCESS,WEAPON SYS | D22: Metal windows & doors | E22: Architectural & structural metals | F22: See notice | G22: Small business | H22: Combined synopsis/solicitation | I22: DEPT OF DEFENSE | J22: 332321 | K22: =HYPERLINK("https://sam.gov/opp/91b65350b9fa4ed7a5414ae473464548/view","Open on SAM.gov")
A23: 46304 | B23: =IF(A23="","",A23-TODAY()) | C23: BEJ Courtesy Dock Supply and Installation | D23: Other heavy & civil | E23: Other heavy & civil | F23: See notice | G23: Small business | H23: Solicitation | I23: DEPT OF DEFENSE | J23: 237990 | K23: =HYPERLINK("https://sam.gov/opp/4944c6c31282463a9ab47d67b90abfb8/view","Open on SAM.gov")
A24: 46304 | B24: =IF(A24="","",A24-TODAY()) | C24: BEJ Courtesy Dock Supply and Installation | D24: Other heavy & civil | E24: Other heavy & civil | F24: See notice | G24: Small business | H24: Solicitation | I24: DEPT OF DEFENSE | J24: 237990 | K24: =HYPERLINK("https://sam.gov/opp/9f7b3027da904c42a5c1e9c8cb3b4058/view","Open on SAM.gov")
A25: 46304 | B25: =IF(A25="","",A25-TODAY()) | C25: Construct Concrete Targets | D25: Concrete foundation & structure | E25: Foundation, structure & exterior | F25: FL | G25: Small business | H25: Combined synopsis/solicitation | I25: DEPT OF DEFENSE | J25: 238110 | K25: =HYPERLINK("https://sam.gov/opp/d51fcf5dcb2941abb432014a55a623ad/view","Open on SAM.gov")
A26: 46304 | B26: =IF(A26="","",A26-TODAY()) | C26: Construction- NUWCDIVNPT- Vaporizer Enclosure (Design/Build) | D26: Commercial & institutional building | E26: Commercial & institutional building | F26: Newport, RI | G26: Small business | H26: Combined synopsis/solicitation | I26: DEPT OF DEFENSE | J26: 236220 | K26: =HYPERLINK("https://sam.gov/opp/d5856d8a91d3445887652db4f6bf8a06/view","Open on SAM.gov")
A27: 46304 | B27: =IF(A27="","",A27-TODAY()) | C27: DISA FY26 ROOF REPAIRS AT FORT MEADE, MARYLAND | D27: Roofing | E27: Foundation, structure & exterior | F27: MD | G27: Small business | H27: Solicitation | I27: DEPT OF DEFENSE | J27: 238160 | K27: =HYPERLINK("https://sam.gov/opp/b2b54eac8d7a4c35b6a2846fa25f4e63/view","Open on SAM.gov")
A28: 46304 | B28: =IF(A28="","",A28-TODAY()) | C28: J045--Install Chill Water System Filtration & Steam Condensate Polisher | D28: Plumbing, heating & A/C | E28: Building equipment (electrical, plumbing, HVAC) | F28: Dallas, TX | G28: Service-disabled veteran-owned small business | H28: Combined synopsis/solicitation | I28: VETERANS AFFAIRS, DEPARTMENT OF | J28: 238220 | K28: =HYPERLINK("https://sam.gov/opp/c3e9ff2124484cecafb56bdaa4d8e0c5/view","Open on SAM.gov")
A29: 46304 | B29: =IF(A29="","",A29-TODAY()) | C29: J059--Albany Transformer Testing & Service | D29: Electrical | E29: Building equipment (electrical, plumbing, HVAC) | F29: Albany, NY | G29: Service-disabled veteran-owned small business | H29: Presolicitation | I29: VETERANS AFFAIRS, DEPARTMENT OF | J29: 238210 | K29: =HYPERLINK("https://sam.gov/opp/e7a615cf8cae4bf189b2274ce7520c7c/view","Open on SAM.gov")
A30: 46304 | B30: =IF(A30="","",A30-TODAY()) | C30: Replace Dental Vacuum Piping | D30: Commercial & institutional building | E30: Commercial & institutional building | F30: North Las Vegas, NV | G30: Any business (no set-aside) | H30: Sources sought | I30: VETERANS AFFAIRS, DEPARTMENT OF | J30: 236220 | K30: =HYPERLINK("https://sam.gov/opp/e22cfb288b8d4cba8180bffb51c326e6/view","Open on SAM.gov")
A31: 46304 | B31: =IF(A31="","",A31-TODAY()) | C31: Y1DA--Sidewalk Replacement Throughout Lyons Campus | D31: Highway, street & bridge | E31: Highway, street & bridge | F31: See notice | G31: Service-disabled veteran-owned small business | H31: Presolicitation | I31: VETERANS AFFAIRS, DEPARTMENT OF | J31: 237310 | K31: =HYPERLINK("https://sam.gov/opp/a8daacb74509400f97d1a64e370cd076/view","Open on SAM.gov")
A32: 46304 | B32: =IF(A32="","",A32-TODAY()) | C32: Y1DZ--519-371 Construct New CLC Phase III Minor Construction - Big Spring, TX V | D32: Commercial & institutional building | E32: Commercial & institutional building | F32: Big Spring, TX | G32: Service-disabled veteran-owned small business | H32: Solicitation | I32: VETERANS AFFAIRS, DEPARTMENT OF | J32: 236220 | K32: =HYPERLINK("https://sam.gov/opp/f1634437c33b4a78989b5d28354f0e0f/view","Open on SAM.gov")
A33: 46307 | B33: =IF(A33="","",A33-TODAY()) | C33: CON | Z1DA | REPLACE OR CHILLERS | 580-23-105 | PRESOLICITATION | D33: Plumbing, heating & A/C | E33: Building equipment (electrical, plumbing, HVAC) | F33: Houston, TX | G33: Service-disabled veteran-owned small business | H33: Presolicitation | I33: VETERANS AFFAIRS, DEPARTMENT OF | J33: 238220 | K33: =HYPERLINK("https://sam.gov/opp/a24392fb76014de8a575c857b8160e41/view","Open on SAM.gov")
A34: 46307 | B34: =IF(A34="","",A34-TODAY()) | C34: Green Mountain National Forest Storage tank cleaning and inspection at Hapgood P | D34: Plumbing, heating & A/C | E34: Building equipment (electrical, plumbing, HVAC) | F34: Peru, VT | G34: Small business | H34: Solicitation | I34: AGRICULTURE, DEPARTMENT OF | J34: 238220 | K34: =HYPERLINK("https://sam.gov/opp/e4ff995b42c941d7924c5b60195d01de/view","Open on SAM.gov")
A35: 46307 | B35: =IF(A35="","",A35-TODAY()) | C35: Y1DA | 521-24-102 | Renovate Wards 2K and 2B for Optometry/Ophthalmology Clinica | D35: Commercial & institutional building | E35: Commercial & institutional building | F35: AL | G35: Service-disabled veteran-owned small business | H35: Presolicitation | I35: VETERANS AFFAIRS, DEPARTMENT OF | J35: 236220 | K35: =HYPERLINK("https://sam.gov/opp/6409b3ce7f93443b86e524ae3c52f754/view","Open on SAM.gov")
A36: 46307 | B36: =IF(A36="","",A36-TODAY()) | C36: Z2FZ--590-24-450 Renovate Transitional Residences | D36: Residential remodeling | E36: Residential building | F36: Hampton, VA | G36: Service-disabled veteran-owned small business | H36: Solicitation | I36: VETERANS AFFAIRS, DEPARTMENT OF | J36: 236118 | K36: =HYPERLINK("https://sam.gov/opp/ceb638cfd94a452abecbeba10d235d60/view","Open on SAM.gov")
A37: 46308 | B37: =IF(A37="","",A37-TODAY()) | C37: 42--FACEPIECE,BREATHING EQ | D37: All other specialty trades | E37: Other specialty trades | F37: See notice | G37: Small business | H37: Combined synopsis/solicitation | I37: DEPT OF DEFENSE | J37: 238990 | K37: =HYPERLINK("https://sam.gov/opp/e5c3b77964a64e8b82f55c5320566b51/view","Open on SAM.gov")
A38: 46308 | B38: =IF(A38="","",A38-TODAY()) | C38: 53--STUD ASSEMBLY,TURNLOCK | D38: Sheet metal work | E38: Architectural & structural metals | F38: See notice | G38: Small business | H38: Combined synopsis/solicitation | I38: DEPT OF DEFENSE | J38: 332322 | K38: =HYPERLINK("https://sam.gov/opp/eb2cc7afab954bd8a067d6c7e423d340/view","Open on SAM.gov")
A39: 46308 | B39: =IF(A39="","",A39-TODAY()) | C39: 54--PANEL ASSEMBLY | D39: Prefab metal buildings & components | E39: Architectural & structural metals | F39: See notice | G39: Service-disabled veteran-owned small business | H39: Combined synopsis/solicitation | I39: DEPT OF DEFENSE | J39: 332311 | K39: =HYPERLINK("https://sam.gov/opp/c954a530fb6243de9b71381cd435fa4a/view","Open on SAM.gov")
A40: 46308 | B40: =IF(A40="","",A40-TODAY()) | C40: Alaska Construction Multiple Award Task Order Contract (MATOC) | D40: Commercial & institutional building | E40: Commercial & institutional building | F40: See notice | G40: Small business | H40: Combined synopsis/solicitation | I40: DEPT OF DEFENSE | J40: 236220 | K40: =HYPERLINK("https://sam.gov/opp/77a1c56c6d4344c780880b63c79b542c/view","Open on SAM.gov")
A41: 46308 | B41: =IF(A41="","",A41-TODAY()) | C41: CON | Z2DA | REPLACE CHILLER 1 B104 | 580-24-111 | PRESOLICITATION | D41: Plumbing, heating & A/C | E41: Building equipment (electrical, plumbing, HVAC) | F41: Houston, TX | G41: Service-disabled veteran-owned small business | H41: Presolicitation | I41: VETERANS AFFAIRS, DEPARTMENT OF | J41: 238220 | K41: =HYPERLINK("https://sam.gov/opp/c5f72bd0e1e440f781d022c30a27a5e4/view","Open on SAM.gov")
A42: 46308 | B42: =IF(A42="","",A42-TODAY()) | C42: FCKY UEPH Barracks CM@Risk | D42: Commercial & institutional building | E42: Commercial & institutional building | F42: Fort Campbell, KY | G42: Any business (no set-aside) | H42: Sources sought | I42: DEPT OF DEFENSE | J42: 236220 | K42: =HYPERLINK("https://sam.gov/opp/cb6144333c5845a89859355f6ba522e9/view","Open on SAM.gov")
A43: 46308 | B43: =IF(A43="","",A43-TODAY()) | C43: FCKY UEPH Barracks CM@Risk | D43: Commercial & institutional building | E43: Commercial & institutional building | F43: Fort Campbell, KY | G43: Any business (no set-aside) | H43: Sources sought | I43: DEPT OF DEFENSE | J43: 236220 | K43: =HYPERLINK("https://sam.gov/opp/e2b94daf179e4ee0843f395ef538500c/view","Open on SAM.gov")
A44: 46308 | B44: =IF(A44="","",A44-TODAY()) | C44: Fall River Lake and Dam Damsite Park Lagoon Repair | D44: Other heavy & civil | E44: Other heavy & civil | F44: KS | G44: Small business | H44: Solicitation | I44: DEPT OF DEFENSE | J44: 237990 | K44: =HYPERLINK("https://sam.gov/opp/d9e50e9dda1c4e38b907e0d16e495e38/view","Open on SAM.gov")
A45: 46308 | B45: =IF(A45="","",A45-TODAY()) | C45: Fort Lee Vehicle Recovery Range | D45: Commercial & institutional building | E45: Commercial & institutional building | F45: Fort Lee, VA | G45: 8(a) program firms | H45: Solicitation | I45: DEPT OF DEFENSE | J45: 236220 | K45: =HYPERLINK("https://sam.gov/opp/e8e4f924d1a24c9caed278e399469e4c/view","Open on SAM.gov")
A46: 46308 | B46: =IF(A46="","",A46-TODAY()) | C46: Joint Base MDL - Kitchen Exhaust Hood Maintenance | D46: Plumbing, heating & A/C | E46: Building equipment (electrical, plumbing, HVAC) | F46: NJ | G46: 8(a) program firms | H46: Combined synopsis/solicitation | I46: DEPT OF DEFENSE | J46: 238220 | K46: =HYPERLINK("https://sam.gov/opp/44644a5fd4044525be4031b22c69b61a/view","Open on SAM.gov")
A47: 46308 | B47: =IF(A47="","",A47-TODAY()) | C47: Raystown Lake Project in Pennsylvania-Equipment Rental with Operators | D47: Site preparation | E47: Other specialty trades | F47: PA | G47: Small business | H47: Solicitation | I47: DEPT OF DEFENSE | J47: 238910 | K47: =HYPERLINK("https://sam.gov/opp/87bdb0f07801430e8bc7a58857652f5c/view","Open on SAM.gov")
A48: 46308 | B48: =IF(A48="","",A48-TODAY()) | C48: Upgrade Water Tanks - FCI Texarkana, Tx | D48: Water & sewer lines | E48: Utility systems | F48: Texarkana, TX | G48: Small business | H48: Combined synopsis/solicitation | I48: JUSTICE, DEPARTMENT OF | J48: 237110 | K48: =HYPERLINK("https://sam.gov/opp/70e2a7dcc3aa42cf93966f0eaab84953/view","Open on SAM.gov")
A49: 46308 | B49: =IF(A49="","",A49-TODAY()) | C49: W085--Portable Restroom and Hand Washing Station Service | D49: All other specialty trades | E49: Other specialty trades | F49: Los Angeles | G49: Service-disabled veteran-owned small business | H49: Combined synopsis/solicitation | I49: VETERANS AFFAIRS, DEPARTMENT OF | J49: 238990 | K49: =HYPERLINK("https://sam.gov/opp/395ef0f00f344e72a951b001cfb58bf9/view","Open on SAM.gov")
A50: 46309 | B50: =IF(A50="","",A50-TODAY()) | C50: B-21 Utilities & Site Improvements, Communications and Electric Infrastructure, | D50: Power & communication lines | E50: Utility systems | F50: Dyess AFB, TX | G50: Any business (no set-aside) | H50: Sources sought | I50: DEPT OF DEFENSE | J50: 237130 | K50: =HYPERLINK("https://sam.gov/opp/c4b391f7a6f2499d8748fc34962618e3/view","Open on SAM.gov")
A51: 46309 | B51: =IF(A51="","",A51-TODAY()) | C51: Barkley Emergency Gate, Painting | D51: Painting | E51: Building finishing | F51: Kuttawa, KY | G51: Service-disabled veteran-owned small business | H51: Sources sought | I51: DEPT OF DEFENSE | J51: 238320 | K51: =HYPERLINK("https://sam.gov/opp/24ec6cdb26e54371846c6d42064c8a54/view","Open on SAM.gov")
A52: 46309 | B52: =IF(A52="","",A52-TODAY()) | C52: GAOA Blanchard Springs Caverns Tunnel Rehabilitation in Ozark-St. Francis NF | D52: All other specialty trades | E52: Other specialty trades | F52: Fifty Six, AR | G52: Small business | H52: Combined synopsis/solicitation | I52: AGRICULTURE, DEPARTMENT OF | J52: 238990 | K52: =HYPERLINK("https://sam.gov/opp/127aae2650554548a323d140be3baf06/view","Open on SAM.gov")
A53: 46309 | B53: =IF(A53="","",A53-TODAY()) | C53: GARRISON TRASH RACK MODIFICATION CRANE RENTAL | D53: All other specialty trades | E53: Other specialty trades | F53: Riverdale, ND | G53: Small business | H53: Solicitation | I53: DEPT OF DEFENSE | J53: 238990 | K53: =HYPERLINK("https://sam.gov/opp/a45c250ed5d14fbb97c42efb4484e43f/view","Open on SAM.gov")
A54: 46309 | B54: =IF(A54="","",A54-TODAY()) | C54: J036--Automatic and Roll Up Doors Maintenance, Repairs and Service - NJHCS Ea | D54: Other building equipment (elevators, doors) | E54: Building equipment (electrical, plumbing, HVAC) | F54: East Orange, NJ | G54: Service-disabled veteran-owned small business | H54: Presolicitation | I54: VETERANS AFFAIRS, DEPARTMENT OF | J54: 238290 | K54: =HYPERLINK("https://sam.gov/opp/af24593214734f4e9c080b0a37014685/view","Open on SAM.gov")
A55: 46309 | B55: =IF(A55="","",A55-TODAY()) | C55: Mather Fueling System Repairs | D55: Oil & gas pipelines | E55: Utility systems | F55: CA | G55: Small business | H55: Presolicitation | I55: DEPT OF DEFENSE | J55: 237120 | K55: =HYPERLINK("https://sam.gov/opp/d0321795a6604faba55688cf6544907e/view","Open on SAM.gov")
A56: 46309 | B56: =IF(A56="","",A56-TODAY()) | C56: Souda Bay Job Order Contract | D56: Commercial & institutional building | E56: Commercial & institutional building | F56: Chania | G56: Any business (no set-aside) | H56: Presolicitation | I56: DEPT OF DEFENSE | J56: 236220 | K56: =HYPERLINK("https://sam.gov/opp/51eb428cd0264a04a2133409b899d06a/view","Open on SAM.gov")
A57: 46309 | B57: =IF(A57="","",A57-TODAY()) | C57: Y1DA--Sidewalk Replacement Throughout Lyons Campus | D57: Highway, street & bridge | E57: Highway, street & bridge | F57: Lyons, NJ | G57: Service-disabled veteran-owned small business | H57: Presolicitation | I57: VETERANS AFFAIRS, DEPARTMENT OF | J57: 237310 | K57: =HYPERLINK("https://sam.gov/opp/d14f9f8c4a234ad08c1e8c615d7d0636/view","Open on SAM.gov")
A58: 46310 | B58: =IF(A58="","",A58-TODAY()) | C58: Building 450 Fire Suppression System Installation | D58: Plumbing, heating & A/C | E58: Building equipment (electrical, plumbing, HVAC) | F58: Grissom ARB, IN | G58: Any business (no set-aside) | H58: Combined synopsis/solicitation | I58: DEPT OF DEFENSE | J58: 238220 | K58: =HYPERLINK("https://sam.gov/opp/6dffb2ceafa14cd4a0e418e3832d5f1c/view","Open on SAM.gov")
A59: 46310 | B59: =IF(A59="","",A59-TODAY()) | C59: Design-Bid-Build (DBB) SOF Marine Raider Facilities Complex, Marine Corps Base ( | D59: Commercial & institutional building | E59: Commercial & institutional building | F59: Camp Lejeune, NC | G59: Any business (no set-aside) | H59: Solicitation | I59: DEPT OF DEFENSE | J59: 236220 | K59: =HYPERLINK("https://sam.gov/opp/77305ced4b85490cb268041c3fb9d6a7/view","Open on SAM.gov")
A60: 46310 | B60: =IF(A60="","",A60-TODAY()) | C60: Design-Build Services for the Bridge of the Americas (BOTA) Land Port of Entry ( | D60: Commercial & institutional building | E60: Commercial & institutional building | F60: El Paso, TX | G60: Any business (no set-aside) | H60: Solicitation | I60: GENERAL SERVICES ADMINISTRATION | J60: 236220 | K60: =HYPERLINK("https://sam.gov/opp/316d19ef4c7941a78e094c57fa23706d/view","Open on SAM.gov")
A61: 46310 | B61: =IF(A61="","",A61-TODAY()) | C61: GOV Parking and Roadway paving, Camp Murray, WA | D61: All other specialty trades | E61: Other specialty trades | F61: Camp Murray, WA | G61: Small business | H61: Solicitation | I61: DEPT OF DEFENSE | J61: 238990 | K61: =HYPERLINK("https://sam.gov/opp/908b9c4e71c34bef8750341d2a5411a7/view","Open on SAM.gov")
A62: 46310 | B62: =IF(A62="","",A62-TODAY()) | C62: GOV Parking and Roadway paving, Camp Murray, WA | D62: All other specialty trades | E62: Other specialty trades | F62: Camp Murray, WA | G62: Small business | H62: Solicitation | I62: DEPT OF DEFENSE | J62: 238990 | K62: =HYPERLINK("https://sam.gov/opp/9e7c472ad0334ff8a26acae7c535d26f/view","Open on SAM.gov")
A63: 46310 | B63: =IF(A63="","",A63-TODAY()) | C63: J039--561A4-25-500 Elevator Upgrade & Modernization Repairs at VA NJ HCS Lyons | D63: Other building equipment (elevators, doors) | E63: Building equipment (electrical, plumbing, HVAC) | F63: Lyons, NJ | G63: Service-disabled veteran-owned small business | H63: Combined synopsis/solicitation | I63: VETERANS AFFAIRS, DEPARTMENT OF | J63: 238290 | K63: =HYPERLINK("https://sam.gov/opp/49d5801bfb064b1cbca65168d2921c33/view","Open on SAM.gov")
A64: 46310 | B64: =IF(A64="","",A64-TODAY()) | C64: VA Personnel Security Adjudication Center Design-Build Construction Requirement | D64: Commercial & institutional building | E64: Commercial & institutional building | F64: North Little Rock, AR | G64: Small business | H64: Presolicitation | I64: DEPT OF DEFENSE | J64: 236220 | K64: =HYPERLINK("https://sam.gov/opp/c11ae08297e646ed8806bcc0fb03ec7a/view","Open on SAM.gov")
A65: 46310 | B65: =IF(A65="","",A65-TODAY()) | C65: Z--DENA 332037 Eielson Roof Replacement | D65: Commercial & institutional building | E65: Commercial & institutional building | F65: See notice | G65: Small business | H65: Solicitation | I65: INTERIOR, DEPARTMENT OF THE | J65: 236220 | K65: =HYPERLINK("https://sam.gov/opp/a460218da9f1451c810fd7d7439f9b9b/view","Open on SAM.gov")
A66: 46310 | B66: =IF(A66="","",A66-TODAY()) | C66: Z2DA--589A5-27-176 REPLACE B1 SEWER LINES IN CRAWL SPACE|TOP | D66: Commercial & institutional building | E66: Commercial & institutional building | F66: KS | G66: Service-disabled veteran-owned small business | H66: Sources sought | I66: VETERANS AFFAIRS, DEPARTMENT OF | J66: 236220 | K66: =HYPERLINK("https://sam.gov/opp/475bce6244d94fdabc41442d9a629f45/view","Open on SAM.gov")
A67: 46310 | B67: =IF(A67="","",A67-TODAY()) | C67: Z2LZ--Design Build to Install Parking Shades and Parking Lot Reconfiguration P | D67: Commercial & institutional building | E67: Commercial & institutional building | F67: NV | G67: Service-disabled veteran-owned small business | H67: Solicitation | I67: VETERANS AFFAIRS, DEPARTMENT OF | J67: 236220 | K67: =HYPERLINK("https://sam.gov/opp/8afb0c0f0c8a43ff80e72c2b5dfdffb2/view","Open on SAM.gov")
A68: 46311 | B68: =IF(A68="","",A68-TODAY()) | C68: 508-25-301 | TDVV Geothermal Repair | D68: Water & sewer lines | E68: Utility systems | F68: Carrollton, GA | G68: Service-disabled veteran-owned (sole source) | H68: Presolicitation | I68: VETERANS AFFAIRS, DEPARTMENT OF | J68: 237110 | K68: =HYPERLINK("https://sam.gov/opp/bad7a20cf0f949a28c67573d70a05e28/view","Open on SAM.gov")
A69: 46311 | B69: =IF(A69="","",A69-TODAY()) | C69: 657-27-107JC, Replace Select Hot Water Heating System | D69: Plumbing, heating & A/C | E69: Building equipment (electrical, plumbing, HVAC) | F69: Saint Louis, MO | G69: Service-disabled veteran-owned (sole source) | H69: Solicitation | I69: VETERANS AFFAIRS, DEPARTMENT OF | J69: 238220 | K69: =HYPERLINK("https://sam.gov/opp/d837aaba872245f1b1c40416381763c8/view","Open on SAM.gov")
A70: 46311 | B70: =IF(A70="","",A70-TODAY()) | C70: Air Compressor Relocation | D70: Electrical | E70: Building equipment (electrical, plumbing, HVAC) | F70: Washington, DC | G70: Small business | H70: Combined synopsis/solicitation | I70: DEPT OF DEFENSE | J70: 238210 | K70: =HYPERLINK("https://sam.gov/opp/427b440cc9304711b3084f27cbee6247/view","Open on SAM.gov")
A71: 46311 | B71: =IF(A71="","",A71-TODAY()) | C71: CO OMAD 300(71) Minuteman Missile Access | D71: Highway, street & bridge | E71: Highway, street & bridge | F71: Cheyenne, WY | G71: Small business | H71: Presolicitation | I71: TRANSPORTATION, DEPARTMENT OF | J71: 237310 | K71: =HYPERLINK("https://sam.gov/opp/e6ce7a2f0949412d95eb0cf685855c08/view","Open on SAM.gov")
A72: 46311 | B72: =IF(A72="","",A72-TODAY()) | C72: ND OMAD 2025(1) Minuteman Missile Access | D72: Highway, street & bridge | E72: Highway, street & bridge | F72: Minot, ND | G72: Small business | H72: Presolicitation | I72: TRANSPORTATION, DEPARTMENT OF | J72: 237310 | K72: =HYPERLINK("https://sam.gov/opp/970aaec1f61b4e459a0aa46471ae0185/view","Open on SAM.gov")
A73: 46311 | B73: =IF(A73="","",A73-TODAY()) | C73: Pharmacy Window | D73: Glass & glazing | E73: Foundation, structure & exterior | F73: Tacoma, WA | G73: Any business (no set-aside) | H73: Sources sought | I73: VETERANS AFFAIRS, DEPARTMENT OF | J73: 238150 | K73: =HYPERLINK("https://sam.gov/opp/784bfcf3756f4303b69a593058cb15ab/view","Open on SAM.gov")
A74: 46311 | B74: =IF(A74="","",A74-TODAY()) | C74: SOLICITATION NOTICE- Rochester, NY Courthouse Construction | D74: Commercial & institutional building | E74: Commercial & institutional building | F74: Rochester, NY | G74: Service-disabled veteran-owned small business | H74: Solicitation | I74: GENERAL SERVICES ADMINISTRATION | J74: 236220 | K74: =HYPERLINK("https://sam.gov/opp/192ff6c2e1b14e19abc02f7c7e57edaf/view","Open on SAM.gov")
A75: 46314 | B75: =IF(A75="","",A75-TODAY()) | C75: 16292 Steam Boiler Replacement | D75: Plumbing, heating & A/C | E75: Building equipment (electrical, plumbing, HVAC) | F75: UT | G75: Small business | H75: Combined synopsis/solicitation | I75: DEPT OF DEFENSE | J75: 238220 | K75: =HYPERLINK("https://sam.gov/opp/8085e2efe9ae45c393990ec29c21b65f/view","Open on SAM.gov")
A76: 46314 | B76: =IF(A76="","",A76-TODAY()) | C76: J--GWMP - ARHO BUNKER HVAC | D76: Plumbing, heating & A/C | E76: Building equipment (electrical, plumbing, HVAC) | F76: See notice | G76: Service-disabled veteran-owned small business | H76: Solicitation | I76: INTERIOR, DEPARTMENT OF THE | J76: 238220 | K76: =HYPERLINK("https://sam.gov/opp/b5f3cd9a16284c118c2d4c4fb50da7b2/view","Open on SAM.gov")
A77: 46314 | B77: =IF(A77="","",A77-TODAY()) | C77: LAKE PONTCHARTRAIN & VICINITY (LPV), FORESHORE RISK REDUCTION REPAIRS, REACH-1, | D77: Other heavy & civil | E77: Other heavy & civil | F77: LA | G77: Any business (no set-aside) | H77: Solicitation | I77: DEPT OF DEFENSE | J77: 237990 | K77: =HYPERLINK("https://sam.gov/opp/d0ca80318c124ff5bab8af4e2b858959/view","Open on SAM.gov")
A78: 46314 | B78: =IF(A78="","",A78-TODAY()) | C78: LAKE PONTCHARTRAIN & VICINITY (LPV), FORESHORE RISK REDUCTION REPAIRS, REACH-1, | D78: Other heavy & civil | E78: Other heavy & civil | F78: LA | G78: Any business (no set-aside) | H78: Solicitation | I78: DEPT OF DEFENSE | J78: 237990 | K78: =HYPERLINK("https://sam.gov/opp/dc2578fd57444daa913e7d763c61ca88/view","Open on SAM.gov")
A79: 46314 | B79: =IF(A79="","",A79-TODAY()) | C79: USACE SPK DBB Construction - LAR C3B South - Sacramento, CA | D79: Other heavy & civil | E79: Other heavy & civil | F79: Sacramento, CA | G79: Small business | H79: Presolicitation | I79: DEPT OF DEFENSE | J79: 237990 | K79: =HYPERLINK("https://sam.gov/opp/53795ae30c3c415bb926df031e04b94f/view","Open on SAM.gov")
A80: 46314 | B80: =IF(A80="","",A80-TODAY()) | C80: Z2DA--589A7-23-306 Renovate Bldg. 5 & 5B for Mental Health FY27 NRM | D80: Commercial & institutional building | E80: Commercial & institutional building | F80: Wichita, KS | G80: Service-disabled veteran-owned small business | H80: Solicitation | I80: VETERANS AFFAIRS, DEPARTMENT OF | J80: 236220 | K80: =HYPERLINK("https://sam.gov/opp/459138cd774548afa5f8b23e26eed220/view","Open on SAM.gov")
A81: 46315 | B81: =IF(A81="","",A81-TODAY()) | C81: CAS Education Heat Pump | D81: Plumbing, heating & A/C | E81: Building equipment (electrical, plumbing, HVAC) | F81: Ozark, AR | G81: Small business | H81: Combined synopsis/solicitation | I81: AGRICULTURE, DEPARTMENT OF | J81: 238220 | K81: =HYPERLINK("https://sam.gov/opp/8ac9a14a03084b75a49104672465db19/view","Open on SAM.gov")
A82: 46315 | B82: =IF(A82="","",A82-TODAY()) | C82: Design-Build (DB) and Design-Bid-Build (DBB) Firm Fixed Price (FFP), Indefinite | D82: Commercial & institutional building | E82: Commercial & institutional building | F82: See notice | G82: Small business | H82: Solicitation | I82: DEPT OF DEFENSE | J82: 236220 | K82: =HYPERLINK("https://sam.gov/opp/621ce63169874f5ca0681d9d9cb6da0e/view","Open on SAM.gov")
A83: 46315 | B83: =IF(A83="","",A83-TODAY()) | C83: Pointe Mouillee Confined Disposal Facility Cells 1 and 2 Fill Management | D83: Other heavy & civil | E83: Other heavy & civil | F83: See notice | G83: Small business | H83: Solicitation | I83: DEPT OF DEFENSE | J83: 237990 | K83: =HYPERLINK("https://sam.gov/opp/8ecfaf08af9a4693b9c0fea2d2336183/view","Open on SAM.gov")
A84: 46315 | B84: =IF(A84="","",A84-TODAY()) | C84: Z1DA--FY27 NRM 554-25-101 Construct PRRTP (Building Q) Completion Items (VA-27- | D84: Commercial & institutional building | E84: Commercial & institutional building | F84: 1700 wheeling St. | G84: Service-disabled veteran-owned small business | H84: Presolicitation | I84: VETERANS AFFAIRS, DEPARTMENT OF | J84: 236220 | K84: =HYPERLINK("https://sam.gov/opp/ae853b5814a54fa5aa316200996a2162/view","Open on SAM.gov")
A85: 46316 | B85: =IF(A85="","",A85-TODAY()) | C85: Amendment 0001 Y1DZ--36C261-28-AP-0022 | 612-27-1-6009-0001 | Construct Modular | D85: Commercial & institutional building | E85: Commercial & institutional building | F85: French Camp, CA | G85: Service-disabled veteran-owned small business | H85: Solicitation | I85: VETERANS AFFAIRS, DEPARTMENT OF | J85: 236220 | K85: =HYPERLINK("https://sam.gov/opp/4f2c4cfea1b44f6fb9c55029d25dcd98/view","Open on SAM.gov")
A86: 46316 | B86: =IF(A86="","",A86-TODAY()) | C86: Fire Station, Building 806, Buckley Space Force Base, CO 80011 | D86: Commercial & institutional building | E86: Commercial & institutional building | F86: Aurora, CO | G86: Any business (no set-aside) | H86: Sources sought | I86: DEPT OF DEFENSE | J86: 236220 | K86: =HYPERLINK("https://sam.gov/opp/9b9356392b194b998ed0870e84c61cf2/view","Open on SAM.gov")
A87: 46317 | B87: =IF(A87="","",A87-TODAY()) | C87: iHouse Apartment Construction | D87: Commercial & institutional building | E87: Commercial & institutional building | F87: Tonalea, AZ | G87: Indian small business economic enterprise | H87: Solicitation | I87: HEALTH AND HUMAN SERVICES, DEPARTMENT OF | J87: 236220 | K87: =HYPERLINK("https://sam.gov/opp/f53032604b7b4725bc3530cf0161c2b8/view","Open on SAM.gov")
A88: 46318 | B88: =IF(A88="","",A88-TODAY()) | C88: X-132 Entrance at Northeast Loading Dock Renovations, NSN | D88: Commercial & institutional building | E88: Commercial & institutional building | F88: VA | G88: 8(a) program firms | H88: Solicitation | I88: DEPT OF DEFENSE | J88: 236220 | K88: =HYPERLINK("https://sam.gov/opp/9700b66cb11945fea4db794a2c4837a5/view","Open on SAM.gov")
A89: 46318 | B89: =IF(A89="","",A89-TODAY()) | C89: Z2DA--Repair & Replace Flooring in BLDG 10A | D89: Flooring | E89: Building finishing | F89: Dublin, GA | G89: Small business | H89: Combined synopsis/solicitation | I89: VETERANS AFFAIRS, DEPARTMENT OF | J89: 238330 | K89: =HYPERLINK("https://sam.gov/opp/75a4b53694674aa3b689a7024717cc31/view","Open on SAM.gov")
A90: 46321 | B90: =IF(A90="","",A90-TODAY()) | C90: BASSIE SPRING IMPROVEMENT PROJECT | D90: All other specialty trades | E90: Other specialty trades | F90: See notice | G90: Small business | H90: Solicitation | I90: INTERIOR, DEPARTMENT OF THE | J90: 238990 | K90: =HYPERLINK("https://sam.gov/opp/0550ee6ca84d4b8e84486d2357d9b472/view","Open on SAM.gov")
A91: 46321 | B91: =IF(A91="","",A91-TODAY()) | C91: Debris Boom Supply and Install at Harry S. Truman Lake Project | D91: Fabricated structural metal | E91: Architectural & structural metals | F91: Warsaw, MO | G91: Any business (no set-aside) | H91: Combined synopsis/solicitation | I91: DEPT OF DEFENSE | J91: 332312 | K91: =HYPERLINK("https://sam.gov/opp/ef3a7c8b92a142ba9378ee3b2c161eb0/view","Open on SAM.gov")
A92: 46321 | B92: =IF(A92="","",A92-TODAY()) | C92: Elevator Equipment and Systems Recurring Preventative Maintenance and Non-Wear-a | D92: Other building equipment (elevators, doors) | E92: Building equipment (electrical, plumbing, HVAC) | F92: PA | G92: Small business | H92: Combined synopsis/solicitation | I92: DEPT OF DEFENSE | J92: 238290 | K92: =HYPERLINK("https://sam.gov/opp/c05d63351f81450faec65657bb7b7aa0/view","Open on SAM.gov")
A93: 46321 | B93: =IF(A93="","",A93-TODAY()) | C93: SOLICITATION NOTICE DESIGN-BUILD TO BUDGET (DB2B) Airborne Equipment Parachute R | D93: Commercial & institutional building | E93: Commercial & institutional building | F93: AZ | G93: Small business | H93: Solicitation | I93: DEPT OF DEFENSE | J93: 236220 | K93: =HYPERLINK("https://sam.gov/opp/b056316a585948f3821808111df1e411/view","Open on SAM.gov")
A94: 46321 | B94: =IF(A94="","",A94-TODAY()) | C94: Y--GRAY WALL LIVESTOCK WATER WELL | D94: Water & sewer lines | E94: Utility systems | F94: See notice | G94: Small business | H94: Combined synopsis/solicitation | I94: INTERIOR, DEPARTMENT OF THE | J94: 237110 | K94: =HYPERLINK("https://sam.gov/opp/2ea0514ec536461eb08886f90bc56400/view","Open on SAM.gov")
A95: 46321 | B95: =IF(A95="","",A95-TODAY()) | C95: Z--SAF FRSP GEOTHERMAL HVAC SJDS | D95: Plumbing, heating & A/C | E95: Building equipment (electrical, plumbing, HVAC) | F95: Woodford, VA | G95: Small business | H95: Solicitation | I95: INTERIOR, DEPARTMENT OF THE | J95: 238220 | K95: =HYPERLINK("https://sam.gov/opp/7ca400b907af4c40a6201caad1170e2d/view","Open on SAM.gov")
A96: 46321 | B96: =IF(A96="","",A96-TODAY()) | C96: Z--SAF FRSP GEOTHERMAL HVAC SJDS | D96: Plumbing, heating & A/C | E96: Building equipment (electrical, plumbing, HVAC) | F96: Woodford, VA | G96: Small business | H96: Solicitation | I96: INTERIOR, DEPARTMENT OF THE | J96: 238220 | K96: =HYPERLINK("https://sam.gov/opp/df7709a54e1e4b948c7c08a7572a5f7e/view","Open on SAM.gov")
A97: 46322 | B97: =IF(A97="","",A97-TODAY()) | C97: 4 GAOA Flaming Gorge Water System Buckboard in Ashley NF, Wyoming | D97: Water & sewer lines | E97: Utility systems | F97: WY | G97: Small business | H97: Combined synopsis/solicitation | I97: AGRICULTURE, DEPARTMENT OF | J97: 237110 | K97: =HYPERLINK("https://sam.gov/opp/1076d1857799483da9cb81835da932f2/view","Open on SAM.gov")
A98: 46322 | B98: =IF(A98="","",A98-TODAY()) | C98: J--E21 PRCA HVAC REPLACEMENT | D98: Plumbing, heating & A/C | E98: Building equipment (electrical, plumbing, HVAC) | F98: See notice | G98: Small business | H98: Solicitation | I98: INTERIOR, DEPARTMENT OF THE | J98: 238220 | K98: =HYPERLINK("https://sam.gov/opp/0d88e66563954dd3bb7f088e6b98bf76/view","Open on SAM.gov")
A99: 46322 | B99: =IF(A99="","",A99-TODAY()) | C99: J061--TRIENNIAL ELECTRICAL MAINTENANCE FY26 AMENDMENT #3 Q&A RESPONSE, SCOPE UP | D99: Electrical | E99: Building equipment (electrical, plumbing, HVAC) | F99: New Orleans, LA | G99: Service-disabled veteran-owned small business | H99: Combined synopsis/solicitation | I99: VETERANS AFFAIRS, DEPARTMENT OF | J99: 238210 | K99: =HYPERLINK("https://sam.gov/opp/01cdf21d1adb4118b39f82927a5ba4a8/view","Open on SAM.gov")
A100: 46323 | B100: =IF(A100="","",A100-TODAY()) | C100: B. Everett Jordan Concrete Pad Installation | D100: Concrete foundation & structure | E100: Foundation, structure & exterior | F100: See notice | G100: Small business | H100: Solicitation | I100: DEPT OF DEFENSE | J100: 238110 | K100: =HYPERLINK("https://sam.gov/opp/7732b732bff24d72949ed3b00540ec55/view","Open on SAM.gov")
...

Sheet Steel & Metals
A1: Due | B1: Days left | C1: Job | D1: Trade | E1: Trade group | F1: Where | G1: Who can bid | H1: Notice type | I1: Agency | J1: NAICS | K1: Notice
A2: 46302 | B2: =IF(A2="","",A2-TODAY()) | C2: GAOA Trujillo Meadows Old Toilet Building Replacement RGNF | D2: Prefab metal buildings & components | E2: Architectural & structural metals | F2: Del Norte, CO | G2: Small business | H2: Combined synopsis/solicitation | I2: AGRICULTURE, DEPARTMENT OF | J2: 332311 | K2: =HYPERLINK("https://sam.gov/opp/22fbb1bdc374408582e4693b27edc98e/view","Open on SAM.gov")
A3: 46303 | B3: =IF(A3="","",A3-TODAY()) | C3: KB Duct List | D3: Sheet metal work | E3: Architectural & structural metals | F3: OK | G3: Small business | H3: Combined synopsis/solicitation | I3: DEPT OF DEFENSE | J3: 332322 | K3: =HYPERLINK("https://sam.gov/opp/58ac093c4794430b88d68d95431e4fdb/view","Open on SAM.gov")
A4: 46303 | B4: =IF(A4="","",A4-TODAY()) | C4: Quick Acting Watertight Scuttle | D4: Metal windows & doors | E4: Architectural & structural metals | F4: See notice | G4: Small business | H4: Combined synopsis/solicitation | I4: DEPT OF DEFENSE | J4: 332321 | K4: =HYPERLINK("https://sam.gov/opp/8323bbe78aa74155bbc165ffb2713d07/view","Open on SAM.gov")
A5: 46304 | B5: =IF(A5="","",A5-TODAY()) | C5: 53--DOOR,ACCESS,WEAPON SYS | D5: Metal windows & doors | E5: Architectural & structural metals | F5: See notice | G5: Small business | H5: Combined synopsis/solicitation | I5: DEPT OF DEFENSE | J5: 332321 | K5: =HYPERLINK("https://sam.gov/opp/91b65350b9fa4ed7a5414ae473464548/view","Open on SAM.gov")
A6: 46304 | B6: =IF(A6="","",A6-TODAY()) | C6: Construct Concrete Targets | D6: Concrete foundation & structure | E6: Foundation, structure & exterior | F6: FL | G6: Small business | H6: Combined synopsis/solicitation | I6: DEPT OF DEFENSE | J6: 238110 | K6: =HYPERLINK("https://sam.gov/opp/d51fcf5dcb2941abb432014a55a623ad/view","Open on SAM.gov")
A7: 46304 | B7: =IF(A7="","",A7-TODAY()) | C7: DISA FY26 ROOF REPAIRS AT FORT MEADE, MARYLAND | D7: Roofing | E7: Foundation, structure & exterior | F7: MD | G7: Small business | H7: Solicitation | I7: DEPT OF DEFENSE | J7: 238160 | K7: =HYPERLINK("https://sam.gov/opp/b2b54eac8d7a4c35b6a2846fa25f4e63/view","Open on SAM.gov")
A8: 46308 | B8: =IF(A8="","",A8-TODAY()) | C8: 53--STUD ASSEMBLY,TURNLOCK | D8: Sheet metal work | E8: Architectural & structural metals | F8: See notice | G8: Small business | H8: Combined synopsis/solicitation | I8: DEPT OF DEFENSE | J8: 332322 | K8: =HYPERLINK("https://sam.gov/opp/eb2cc7afab954bd8a067d6c7e423d340/view","Open on SAM.gov")
A9: 46308 | B9: =IF(A9="","",A9-TODAY()) | C9: 54--PANEL ASSEMBLY | D9: Prefab metal buildings & components | E9: Architectural & structural metals | F9: See notice | G9: Service-disabled veteran-owned small business | H9: Combined synopsis/solicitation | I9: DEPT OF DEFENSE | J9: 332311 | K9: =HYPERLINK("https://sam.gov/opp/c954a530fb6243de9b71381cd435fa4a/view","Open on SAM.gov")
A10: 46311 | B10: =IF(A10="","",A10-TODAY()) | C10: Pharmacy Window | D10: Glass & glazing | E10: Foundation, structure & exterior | F10: Tacoma, WA | G10: Any business (no set-aside) | H10: Sources sought | I10: VETERANS AFFAIRS, DEPARTMENT OF | J10: 238150 | K10: =HYPERLINK("https://sam.gov/opp/784bfcf3756f4303b69a593058cb15ab/view","Open on SAM.gov")
A11: 46321 | B11: =IF(A11="","",A11-TODAY()) | C11: Debris Boom Supply and Install at Harry S. Truman Lake Project | D11: Fabricated structural metal | E11: Architectural & structural metals | F11: Warsaw, MO | G11: Any business (no set-aside) | H11: Combined synopsis/solicitation | I11: DEPT OF DEFENSE | J11: 332312 | K11: =HYPERLINK("https://sam.gov/opp/ef3a7c8b92a142ba9378ee3b2c161eb0/view","Open on SAM.gov")
A12: 46323 | B12: =IF(A12="","",A12-TODAY()) | C12: B. Everett Jordan Concrete Pad Installation | D12: Concrete foundation & structure | E12: Foundation, structure & exterior | F12: See notice | G12: Small business | H12: Solicitation | I12: DEPT OF DEFENSE | J12: 238110 | K12: =HYPERLINK("https://sam.gov/opp/7732b732bff24d72949ed3b00540ec55/view","Open on SAM.gov")
A13: 46325 | B13: =IF(A13="","",A13-TODAY()) | C13: 554-27-117 Conduct Concrete and Civil Site Repairs. | D13: Concrete foundation & structure | E13: Foundation, structure & exterior | F13: Aurora, CO | G13: Service-disabled veteran-owned small business | H13: Solicitation | I13: VETERANS AFFAIRS, DEPARTMENT OF | J13: 238110 | K13: =HYPERLINK("https://sam.gov/opp/d22a0a3205004b37a9ecfd057a8d71f5/view","Open on SAM.gov")
A14: 46325 | B14: =IF(A14="","",A14-TODAY()) | C14: GAOA Remove and Replace Roofing on Island Park Admin Site Housing Units | D14: Roofing | E14: Foundation, structure & exterior | F14: Island Park, ID | G14: Small business | H14: Combined synopsis/solicitation | I14: AGRICULTURE, DEPARTMENT OF | J14: 238160 | K14: =HYPERLINK("https://sam.gov/opp/f2e9d92d3e584a08b05d14d695b92bc8/view","Open on SAM.gov")
A15: 46339 | B15: =IF(A15="","",A15-TODAY()) | C15: Z1DA--542-21-113 | Correct FCA Deficiencies – Repair Water Penetration | NCO | D15: Other foundation, structure & exterior | E15: Foundation, structure & exterior | F15: VA | G15: Service-disabled veteran-owned small business | H15: Presolicitation | I15: VETERANS AFFAIRS, DEPARTMENT OF | J15: 238190 | K15: =HYPERLINK("https://sam.gov/opp/e4cad28918d446b8bd0c77c0f8772f9d/view","Open on SAM.gov")

Sheet By Trade
A1: NAICS group | B1: Trade | C1: Set-aside bids | D1: Open to anyone | E1: Total open
A2: 2361 | B2: Residential building | C2: =COUNTIFS('All Open Bids'!$E$2:$E$129,B2,'All Open Bids'!$G$2:$G$129,"<>Any business (no set-aside)") | D2: =COUNTIFS('All Open Bids'!$E$2:$E$129,B2,'All Open Bids'!$G$2:$G$129,"Any business (no set-aside)") | E2: =C2+D2
A3: 2362 | B3: Commercial & institutional building | C3: =COUNTIFS('All Open Bids'!$E$2:$E$129,B3,'All Open Bids'!$G$2:$G$129,"<>Any business (no set-aside)") | D3: =COUNTIFS('All Open Bids'!$E$2:$E$129,B3,'All Open Bids'!$G$2:$G$129,"Any business (no set-aside)") | E3: =C3+D3
A4: 2371 | B4: Utility systems | C4: =COUNTIFS('All Open Bids'!$E$2:$E$129,B4,'All Open Bids'!$G$2:$G$129,"<>Any business (no set-aside)") | D4: =COUNTIFS('All Open Bids'!$E$2:$E$129,B4,'All Open Bids'!$G$2:$G$129,"Any business (no set-aside)") | E4: =C4+D4
A5: 2373 | B5: Highway, street & bridge | C5: =COUNTIFS('All Open Bids'!$E$2:$E$129,B5,'All Open Bids'!$G$2:$G$129,"<>Any business (no set-aside)") | D5: =COUNTIFS('All Open Bids'!$E$2:$E$129,B5,'All Open Bids'!$G$2:$G$129,"Any business (no set-aside)") | E5: =C5+D5
A6: 2379 | B6: Other heavy & civil | C6: =COUNTIFS('All Open Bids'!$E$2:$E$129,B6,'All Open Bids'!$G$2:$G$129,"<>Any business (no set-aside)") | D6: =COUNTIFS('All Open Bids'!$E$2:$E$129,B6,'All Open Bids'!$G$2:$G$129,"Any business (no set-aside)") | E6: =C6+D6
A7: 2381 | B7: Foundation, structure & exterior | C7: =COUNTIFS('All Open Bids'!$E$2:$E$129,B7,'All Open Bids'!$G$2:$G$129,"<>Any business (no set-aside)") | D7: =COUNTIFS('All Open Bids'!$E$2:$E$129,B7,'All Open Bids'!$G$2:$G$129,"Any business (no set-aside)") | E7: =C7+D7
A8: 2382 | B8: Building equipment (electrical, plumbing, HVAC) | C8: =COUNTIFS('All Open Bids'!$E$2:$E$129,B8,'All Open Bids'!$G$2:$G$129,"<>Any business (no set-aside)") | D8: =COUNTIFS('All Open Bids'!$E$2:$E$129,B8,'All Open Bids'!$G$2:$G$129,"Any business (no set-aside)") | E8: =C8+D8
A9: 2383 | B9: Building finishing | C9: =COUNTIFS('All Open Bids'!$E$2:$E$129,B9,'All Open Bids'!$G$2:$G$129,"<>Any business (no set-aside)") | D9: =COUNTIFS('All Open Bids'!$E$2:$E$129,B9,'All Open Bids'!$G$2:$G$129,"Any business (no set-aside)") | E9: =C9+D9
A10: 2389 | B10: Other specialty trades | C10: =COUNTIFS('All Open Bids'!$E$2:$E$129,B10,'All Open Bids'!$G$2:$G$129,"<>Any business (no set-aside)") | D10: =COUNTIFS('All Open Bids'!$E$2:$E$129,B10,'All Open Bids'!$G$2:$G$129,"Any business (no set-aside)") | E10: =C10+D10
A11: 3323 | B11: Architectural & structural metals | C11: =COUNTIFS('All Open Bids'!$E$2:$E$129,B11,'All Open Bids'!$G$2:$G$129,"<>Any business (no set-aside)") | D11: =COUNTIFS('All Open Bids'!$E$2:$E$129,B11,'All Open Bids'!$G$2:$G$129,"Any business (no set-aside)") | E11: =C11+D11
B12: All trades | C12: =SUM(C2:C11) | D12: =SUM(D2:D11) | E12: =SUM(E2:E11)
A14: Counts come from the All Open Bids tab, so they update if rows there change.
